A.Code,Manucode
AKL-SW-APW-BR-AU-25-21,1
AKL-SW-APW-BR-AU-25-22,2
AKL-SW-APW-BR-AU-25-23,3
AKL-SW-APW-BR-AU-25-24,4
AKL-SW-APW-BR-AU-25-25,5
AKL-SW-APW-BR-AU-25-26,6
AKL-SW-APW-BR-AU-25-27,7
AKL-SW-APW-BR-AU-25-28,8
AKL-SW-APW-BR-AU-25-29,9
AKL-SW-APW-BR-AU-25-30,10
AKL-SW-APW-BR-AU-25-31,11
AKL-SW-APW-BR-AU-25-32,12
AKL-SW-APW-BR-AU-25-33,13
AKL-SW-APW-BR-AU-25-34,14
AKL-SW-APW-BR-AU-25-35,15
AKL-SW-APW-BR-AU-25-31,
AKL-SW-APW-BR-AU-25-32,
AKL-SW-APW-BR-AU-25-33,
AKL-SW-APW-BR-AU-25-34,
AKL-SW-APW-BR-AU-25-35,
AKL-SW-APW-BR-AU-25-31,
AKL-SW-APW-BR-AU-25-32,
AKL-SW-APW-BR-AU-25-33,
AKL-SW-APW-BR-AU-25-34,
AKL-SW-APW-BR-AU-25-35,
AKL-SW-APW-BR-AU-25-31,
AKL-SW-APW-BR-AU-25-32,
AKL-SW-APW-BR-AU-25-33,
AKL-SW-APW-BR-AU-25-37,
AKL-SW-APW-BR-AU-25-34,
AKL-SW-APW-BR-AU-25-38,
AKL-SW-APW-BR-AU-25-35,
AKL-SW-APW-BR-AU-25-31,
AKL-SW-APW-BR-AU-25-32,
AKL-SW-APW-BR-AU-25-40,
AKL-SW-APW-BR-AU-25-33,
AKL-SW-APW-BR-AU-25-34,
AKL-SW-APW-BR-AU-25-35,
AKL-SW-APW-BR-AU-25-31,
AKL-SW-APW-BR-AU-25-32,
AKL-SW-APW-BR-AU-25-33,
AKL-SW-APW-BR-AU-25-34,
AKL-SW-APW-BR-AU-25-35,
AKL-SW-APW-BR-AU-25-41,
AKL-SW-APW-BR-AU-25-42,
AKL-SW-APW-BR-AU-25-43,
AKL-SW-APW-BR-AU-25-44,
AKL-SW-APW-BR-AU-25-45,
AKL-SW-APW-BR-AU-25-46,
AKL-SW-APW-BR-AU-25-47,
AKL-SW-APW-BR-AU-25-48,
AKL-SW-APW-BR-AU-25-49,
AKL-SW-APW-BR-AU-25-50,
AKL-SW-APW-BR-AU-25-51,
AKL-SW-APW-BR-AU-25-52,
AKL-SW-APW-BR-AU-25-53,
AKL-SW-APW-BR-AU-25-54,
AKL-SW-APW-BR-AU-25-55,
AKL-SW-APW-BR-AU-25-56,
AKL-SW-APW-BR-AU-25-57,
AKL-SW-APW-BR-AU-25-58,
AKL-SW-APW-BR-AU-25-59,
AKL-SW-APW-BR-AU-25-60,
AKL-SW-APW-BR-AU-25-61,
AKL-SW-APW-BR-AU-25-62,
AKL-SW-APW-BR-AU-25-63,
AKL-SW-APW-BR-AU-25-64,
AKL-SW-APW-BR-AU-25-65,
AKL-SW-APW-BR-AU-25-61,
AKL-SW-APW-BR-AU-25-62,
AKL-SW-APW-BR-AU-25-63,
AKL-SW-APW-BR-AU-25-64,
AKL-SW-APW-BR-AU-25-65,
AKL-SW-APW-BR-AU-25-61,
AKL-SW-APW-BR-AU-25-62,
AKL-SW-APW-BR-AU-25-63,
AKL-SW-APW-BR-AU-25-64,
AKL-SW-APW-BR-AU-25-65,
AKL-SW-APW-BR-AU-25-61,
AKL-SW-APW-BR-AU-25-62,
AKL-SW-APW-BR-AU-25-63,
AKL-SW-APW-BR-AU-25-64,
AKL-SW-APW-BR-AU-25-65,
AKL-SW-APW-BR-AU-25-61,
AKL-SW-APW-BR-AU-25-62,
AKL-SW-APW-BR-AU-25-63,
AKL-SW-APW-BR-AU-25-64,
AKL-SW-APW-BR-AU-25-65,
AKL-SW-APW-BR-AU-25-61,
AKL-SW-APW-BR-AU-25-62,
AKL-SW-APW-BR-AU-25-63,
AKL-SW-APW-BR-AU-25-64,
AKL-SW-APW-BR-AU-25-65,
AKL-SW-APW-BR-AU-25-66,
AKL-SW-APW-BR-AU-25-66,
AKL-SW-APW-BR-AU-25-66,
AKL-SW-APW-BR-AU-25-66,
AKL-SW-APW-BR-AU-25-66,
AKL-SW-APW-BR-AU-25-66,
AKL-SW-APW-BR-AU-25-67,
AKL-SW-APW-BR-AU-25-68,
AKL-SW-APW-BR-AU-25-69,
AKL-SW-APW-BR-AU-25-70,
AKL-SW-APW-BR-AU-25-71,
AKL-SW-APW-BR-AU-25-71,
AKL-SW-APW-BR-AU-25-71,
AKL-SW-APW-BR-AU-25-71,
AKL-SW-APW-BR-AU-25-71,
AKL-SW-APW-BR-AU-25-71,
AKL-SW-APW-BR-AU-25-72,
AKL-SW-APW-BR-AU-25-73,
AKL-SW-APW-BR-AU-25-74,
AKL-SW-APW-BR-AU-25-75,
AKL-SW-BTS-DI-AU-25-1,
AKL-SW-BTS-DI-AU-25-2,
AKL-SW-BTS-DI-AU-25-3,
AKL-SW-BTS-DI-AU-25-4,
AKL-SW-BTS-DI-AU-25-5,
AKL-SW-APW-JC-AU-97-1,
AKL-SW-APW-JC-AU-97-2,
AKL-SW-APW-JC-AU-97-3,
AKL-SW-APW-JC-AU-97-4,
AKL-SW-APW-JC-AU-97-5,
AKL-SW-APW-JC-AU-97-6,
AKL-SW-APW-JC-AU-97-7,
AKL-SW-APW-JC-AU-97-8,
AKL-SW-APW-JC-AU-97-9,
AKL-SW-APW-JC-AU-97-10,
AKL-SW-APW-JC-AU-97-11,
AKL-SW-APW-JC-AU-97-12,
AKL-SW-APW-JC-AU-97-13,
AKL-SW-APW-JC-AU-97-14,
AKL-SW-APW-JC-AU-97-15,
AKL-SW-APW-JC-AU-97-16,
AKL-SW-APW-JC-AU-97-17,
AKL-SW-APW-JC-AU-97-18,
AKL-SW-APW-JC-AU-97-19,
AKL-SW-APW-JC-AU-97-20,
AKL-SW-APW-LK-MN-95-1,
AKL-SW-APW-LK-MN-95-2,
AKL-SW-APW-LK-MN-95-3,
AKL-SW-APW-LK-MN-95-4,
AKL-SW-APW-LK-MN-95-5,
AKL-SW-APW-LK-MN-95-6,
AKL-SW-APW-LK-MN-95-7,
AKL-SW-APW-LK-MN-95-8,
AKL-SW-APW-LK-MN-95-9,
AKL-SW-APW-LK-MN-95-10,149
AKL-SW-APW-LK-MN-95-11,
AKL-SW-APW-LK-MN-95-12,
AKL-SW-APW-LK-MN-95-13,
AKL-SW-APW-LK-MN-95-14,
AKL-SW-APW-LK-MN-95-15,
AKL-SW-APW-LK-MN-95-16,
AKL-SW-APW-LK-MN-95-17,
AKL-SW-APW-LK-MN-95-18,
AKL-SW-APW-LK-MN-95-19,
AKL-SW-APW-LK-MN-95-20,
AKL-SW-APW-LK-MN-95-21,
AKL-SW-APW-LK-MN-95-22,161
AKL-SW-APW-LK-MN-95-23,162
AKL-SW-APW-LK-MN-95-24,163
AKL-SW-APW-LK-MN-95-25,
